{
    "openapi": "3.0.2",
    "info": {
        "title": "Laravel",
        "version": "1.0.0"
    },
    "servers": [
        {
            "url": "http:\/\/localhost"
        }
    ],
    "paths": {
        "\/api\/products": {
            "get": {
                "tags": [
                    "products"
                ],
                "summary": "Display a listing of the resource."
            }
        },
        "\/api\/sales\/cancel\/{venda}": {
            "get": {
                "tags": [
                    "sales"
                ],
                "summary": "cancel the specified resource from storage.",
                "parameters": [
                    {
                        "name": "venda",
                        "in": "path",
                        "required": true,
                        "schema": {
                            "type": "string"
                        }
                    }
                ]
            }
        },
        "\/api\/sales": {
            "get": {
                "tags": [
                    "sales"
                ],
                "summary": "Display a listing of the resource."
            },
            "post": {
                "tags": [
                    "sales"
                ],
                "summary": "Store a newly created resource in storage."
            }
        },
        "\/api\/sales\/{venda}": {
            "get": {
                "tags": [
                    "sales"
                ],
                "summary": "Display the specified resource.",
                "parameters": [
                    {
                        "name": "venda",
                        "in": "path",
                        "required": true,
                        "schema": {
                            "type": "string"
                        }
                    }
                ]
            },
            "put": {
                "tags": [
                    "sales"
                ],
                "summary": "Update the specified resource in storage.",
                "parameters": [
                    {
                        "name": "venda",
                        "in": "path",
                        "required": true,
                        "schema": {
                            "type": "string"
                        }
                    }
                ]
            },
            "delete": {
                "tags": [
                    "sales"
                ],
                "summary": "Remove the specified resource from storage.",
                "parameters": [
                    {
                        "name": "venda",
                        "in": "path",
                        "required": true,
                        "schema": {
                            "type": "string"
                        }
                    }
                ]
            }
        }
    }
}
